Event Name,Event Date,Links,Event URL
Nightz - Every Thursday,14 augustus 2025,https://www.bitterzoet.com/,https://www.djguide.nl/party.p/516736/nightz-every-thursday
Super Summer (19+),14 augustus 2025,https://chicagosocialclub.nl/,https://www.djguide.nl/party.p/534430/super-summer-19
Mémoire - 18+,14 augustus 2025,https://www.chinchinclub.nl/,https://www.djguide.nl/party.p/533793/mmoire-18
Nyx Op Donderdag,14 augustus 2025,https://clubnyx.nl/ | https://www.nyxopdonderdag.nl/,https://www.djguide.nl/party.p/534559/nyx-op-donderdag
Jueves Latino (Latin Night),14 augustus 2025,https://www.cluboutamsterdam.nl/,https://www.djguide.nl/party.p/534697/jueves-latino-latin-night
Prime | Plus One+,14 augustus 2025,https://www.clubprime.nl/,https://www.djguide.nl/party.p/534429/prime-plus-one
East Techno Collective,14 augustus 2025,https://nl.ra.co/events/2185287 | https://www.clubup.nl/,https://www.djguide.nl/party.p/530447/east-techno-collective
"Radio Hinter: Loading... w/ Weave, WHO/HOW, PEBMAC, and SUBS&DUBS",14 augustus 2025,https://www.derhintergarten.nl/,https://www.djguide.nl/party.p/534231/radio-hinter-loading...-w-weave-whohow-pebmac-and-subsdubs
Video,14 augustus 2025,https://escape.nl/,https://www.djguide.nl/party.p/531784/video
"Perreo31 w/ Bigote, Eurowitch, Veinte Uñas, Dj Panama b2b Korny",14 augustus 2025,https://www.garagenoord.com/club/perreo31,https://www.djguide.nl/party.p/534071/perreo31-w-bigote-eurowitch-veinte-uas-dj-panama-b2b-korny
Thirsty Thursdays,14 augustus 2025,https://ibizalounge.amsterdam/,https://www.djguide.nl/party.p/534211/thirsty-thursdays
ThirstdaysTM - By Jimmy Woo (19+),14 augustus 2025,https://www.jimmywoo.com/,https://www.djguide.nl/party.p/529721/thirstdaystm-by-jimmy-woo-19
Techno Sessions,14 augustus 2025,https://www.clubjohndoe.nl/,https://www.djguide.nl/party.p/532486/techno-sessions
Bambu,14 augustus 2025,https://www.oliva-amsterdam.nl/,https://www.djguide.nl/party.p/522635/bambu
Velvet Thursdays x Filo,14 augustus 2025,https://soulkitchenamsterdam.nl/,https://www.djguide.nl/party.p/534228/velvet-thursdays-x-filo
KAZI,14 augustus 2025,"https://maps.google.com/maps?q=52.37209,4.890937",https://www.djguide.nl/party.p/532485/kazi
Spanish Heat - Amsterdam,14 augustus 2025,"https://maps.google.com/maps?q=52.363755,4.883939 | https://thechupitosclub.com/ | https://www.spanishheat.com/",https://www.djguide.nl/party.p/532340/spanish-heat-amsterdam
Dale Tequila w/ D-Rashid & Friends,14 augustus 2025,"https://maps.google.com/maps?q=52.363755,4.883939 | https://thetequilaclub.nl/",https://www.djguide.nl/party.p/536031/dale-tequila-w-d-rashid-friends
Taylor Swift Party - All Eras All Night,14 augustus 2025,"https://maps.google.com/maps?q=52.396704,4.875716 | https://www.toekomstmuziek.com/",https://www.djguide.nl/party.p/536174/taylor-swift-party-all-eras-all-night
Boerenrockfestival 2025 - donderdag,14 augustus 2025,"https://maps.google.com/maps?q=52.970281,6.87574 | https://www.boerenrock-festival.nl/ | https://www.ticketswap.com/event/boerenrock-2025/6d8be010-68da-4d75-a9b2-7f9b56b828a1?utm_source=djguide&utm_medium=affiliate&utm_campaign=djguide_affiliate&utm_content=website",https://www.djguide.nl/party.p/528055/boerenrockfestival-2025-donderdag
Nu sta je hier - Osse Kermisfeesten,14 augustus 2025,"https://maps.google.com/maps?q=51.770347,5.525927 | https://www.nustajehier.nl/ | https://www.onsz-restaurant.nl/",https://www.djguide.nl/party.p/534994/nu-sta-je-hier-osse-kermisfeesten
Latin Thursday,14 augustus 2025,"https://bird-rotterdam.nl/garden | https://maps.google.com/maps?q=51.926709,4.47881",https://www.djguide.nl/party.p/524607/latin-thursday
All Night Soundsystems,15 augustus 2025,"https://maps.google.com/maps?q=52.372263,4.88949 | https://www.bitterzoet.com/",https://www.djguide.nl/party.p/535351/all-night-soundsystems
Bordello A Parigi - Italo Boat Party,15 augustus 2025,"http://www.bordelloaparigi.com/ | https://maps.google.com/maps?q=52.380847,4.89911",https://www.djguide.nl/party.p/531746/bordello-a-parigi-italo-boat-party
Cinthie & Ferro X BRET (18+),15 augustus 2025,"https://maps.google.com/maps?q=52.39007,4.837281 | https://www.bret.bar/",https://www.djguide.nl/party.p/534637/cinthie-ferro-x-bret-18
Hitjesgolf XL (20+),15 augustus 2025,"https://chicagosocialclub.nl/ | https://linktr.ee/hitjesgolf | https://maps.google.com/maps?q=52.364666,4.882583",https://www.djguide.nl/party.p/533967/hitjesgolf-xl-20
Fusion - 20+,15 augustus 2025,"https://maps.google.com/maps?q=52.372688,4.878902 | https://www.chinchinclub.nl/",https://www.djguide.nl/party.p/533881/fusion-20
Summer Breeze Latin Night at WestWeelde - Summer 2025 #10,14 augustus 2025,https://www.westweelde.nl/,https://www.djguide.nl/party.p/530338/summer-breeze-latin-night-at-westweelde-summer-2025-10
Around The World,14 augustus 2025,https://www.tramzicht.nl/,https://www.djguide.nl/party.p/533420/around-the-world
Disco-train 70s 80s 90s Party - Amstelveen,15 augustus 2025,https://www.clubnouvelle.nl/ | https://www.disco-train.nl/,https://www.djguide.nl/party.p/515314/disco-train-70s-80s-90s-party-amstelveen
SUMMER VIBES: A Brand-New summer pop-up by Club Leidse,15 augustus 2025,https://www.club-leidse.com/,https://www.djguide.nl/party.p/533113/summer-vibes-a-brand-new-summer-pop-up-by-club-leidse
De Dansvloer,14 augustus 2025,https://www.nar.nl/,https://www.djguide.nl/party.p/530750/de-dansvloer
Love Afrobeats,15 augustus 2025,https://www.clubnoir-amsterdam.nl/,https://www.djguide.nl/party.p/534433/love-afrobeats
Vrijdag is NYX,15 augustus 2025,https://clubnyx.nl/ | https://www.ticketswap.com/event/vrijdag-is-nyx/b3480c3c-a965-49d3-bb1b-2962080b4185?utm_source=djguide&utm_medium=affiliate&utm_campaign=djguide_affiliate&utm_content=website,https://www.djguide.nl/party.p/532301/vrijdag-is-nyx
Old Skool Reggaeton Party,15 augustus 2025,https://www.cluboutamsterdam.nl/ | https://www.fourvenues.com/en/club-out1/events/old-school-reggaeton-party-15-08-2025-62D1,https://www.djguide.nl/party.p/534699/noche-latina-latin-night
Prime | Wildcard,15 augustus 2025,https://www.clubprime.nl/,https://www.djguide.nl/party.p/534434/prime-wildcard
Skank Out,15 augustus 2025,https://www.clubup.nl/ | https://www.ticketswap.com/event/skank-out-straight-from-the-uk-to-amsterdam/632fdc1f-694a-4916-9a00-bc9039e7020e?utm_source=djguide&utm_medium=affiliate&utm_campaign=djguide_affiliate&utm_content=website,https://www.djguide.nl/party.p/533834/skank-out
Hip Hop & R&B - All Night,15 augustus 2025,https://cafededuivel.amsterdam/,https://www.djguide.nl/party.p/535828/hip-hop-rb-all-night
"FERMI Presents Gero, Loud-E, Daiki, Field Notes DJs",15 augustus 2025,https://www.derhintergarten.nl/,https://www.djguide.nl/party.p/534229/fermi-presents-gero-loud-e-daiki-field-notes-djs
Doka Studio w/ Aurelius - Nedda Sou,15 augustus 2025,https://doka.weticket.io/doka-studio-w-aurelius-nedda-sou | https://www.volkshotel.nl/doka,https://www.djguide.nl/party.p/533565/doka-studio-w-aurelius-nedda-sou
HouseRules,15 augustus 2025,https://escape.nl/,https://www.djguide.nl/party.p/531785/houserules
The Gang Is Beautiful,15 augustus 2025,https://www.garagenoord.com/club/the-gang-is-beautiful-w-juste-alex-prance-hujus-joya-astou,https://www.djguide.nl/party.p/533567/the-gang-is-beautiful
Afro Latin Viernes,15 augustus 2025,https://ibizalounge.amsterdam/,https://www.djguide.nl/party.p/534212/afro-latin-viernes
Please Don't Tell.,15 augustus 2025,https://pleasedonttell.nl/ | https://www.jimmywoo.com/,https://www.djguide.nl/party.p/529723/please-dont-tell.
Aphelion x Undrgrnd,15 augustus 2025,https://www.clubjohndoe.nl/,https://www.djguide.nl/party.p/534279/aphelion-x-undrgrnd
Madam By Night Invites: A Divine Kaos,15 augustus 2025,https://linktr.ee/LIWYN | https://www.madamamsterdam.nl/ | https://www.ticketswap.com/event/madam-by-night-invites-a-divine-kaos/3b19e673-cb32-4183-bb67-434024c58e9e?utm_source=djguide&utm_medium=affiliate&utm_campaign=djguide_affiliate&utm_content=website,https://www.djguide.nl/party.p/528263/madam-by-night-invites-a-divine-kaos
GEM,15 augustus 2025,https://www.oliva-amsterdam.nl/,https://www.djguide.nl/party.p/524527/gem
Tunes by Krinna,15 augustus 2025,https://www.pacificamsterdam.nl/en/events/dj-nights,https://www.djguide.nl/party.p/535547/tunes-by-krinna
Asian Party – Back To School,15 augustus 2025,https://panama.nl/event/asian-party-back-to-school,https://www.djguide.nl/party.p/533265/asian-party-back-to-school
Descendants,15 augustus 2025,https://parallel.am/programme/descendants-8 | https://www.ticketswap.com/event/descendants/c0eda9bc-d8e4-40b8-ba16-9310926c002f?utm_source=djguide&utm_medium=affiliate&utm_campaign=djguide_affiliate&utm_content=website,https://www.djguide.nl/party.p/532982/descendants
De Sluwe Vos / PHIA,15 augustus 2025,https://radioradio.radio/club | https://www.ticketswap.com/event/de-sluwe-vos-phia/d361376c-28d8-4115-80c1-4b36bb0e91b8?utm_source=djguide&utm_medium=affiliate&utm_campaign=djguide_affiliate&utm_content=website,https://www.djguide.nl/party.p/533301/de-sluwe-vos-phia
"Shelter | Alex Ranerro, Tripmastaz, secret guest & more",15 augustus 2025,https://appic.shop/redirect/82d313a1-3032-4dbb-a6d5-c7ab4a56fe6e?source=djguide | https://www.shelteramsterdam.nl/event/15-08-club-night,https://www.djguide.nl/party.p/532637/shelter-alex-ranerro-tripmastaz-secret-guest-more
Sissi's Friday,15 augustus 2025,https://sissisamsterdam.weticket.io/sissis-friday-1508 | https://www.sissisamsterdam.nl/,https://www.djguide.nl/party.p/531564/sissis-friday
"Lola Edo, Mul/anna b2b Dazion, Sèsè",15 augustus 2025,https://skatecafe.weticket.io/lola-edo | https://www.skatecafe.nl/,https://www.djguide.nl/party.p/533566/lola-edo-mulanna-b2b-dazion-ss
Soulkitchen Invites,15 augustus 2025,https://soulkitchenamsterdam.nl/ | https://www.fourvenues.com/en/soulkitchen/events/soulkitchen-invites-15-08-2025-YO4B,https://www.djguide.nl/party.p/536114/soulkitchen-invites
VIRAL Amsterdam,15 augustus 2025,https://supper.nl/,https://www.djguide.nl/party.p/532906/viral-amsterdam
Vroeg Pieken,15 augustus 2025,https://supper.nl/supper-cruise-venue | https://www.ticketswap.com/event/vroeg-pieken-op-het-water/1b0aecc0-0ed5-4f19-919b-ec1a4e0f57a9?utm_source=djguide&utm_medium=affiliate&utm_campaign=djguide_affiliate&utm_content=website | https://www.vroegpieken.com/,https://www.djguide.nl/party.p/524267/vroeg-pieken
Disco Jalisco,15 augustus 2025,https://thetequilaclub.nl/,https://www.djguide.nl/party.p/536032/disco-jalisco
Rooftop Silent Disco Party,15 augustus 2025,https://livezoku.com/amsterdam/events/silent-disco-party-zoku-amsterdam | https://livezoku.com/nl | https://www.ticketswap.com/event/rooftop-silent-disco-party/ecaebf10-99a2-4291-98c4-2013617453f4?utm_source=djguide&utm_medium=affiliate&utm_campaign=djguide_affiliate&utm_content=website,https://www.djguide.nl/party.p/534321/rooftop-silent-disco-party
A Campingflight to Lowlands Paradise 2025 - Friday,15 augustus 2025,https://ticketmaster-netherlands.sjv.io/c/1256719/427748/7510?u=https%3a%2f%2fwww.ticketmaster.nl%2fevent%2f296835286%3flanguage%3dnl-be | https://www.lowlands.nl/ | https://www.ticketswap.com/lowlands-festival?utm_source=djguide&utm_medium=affiliate&utm_campaign=djguide_affiliate&utm_content=website | https://www.walibi.nl/nl/zakelijk/mogelijkheden/locaties/evenemententerrein-walibi-holland,https://www.djguide.nl/party.p/535920/a-campingflight-to-lowlands-paradise-2025-friday
Dj Wicky Wiseguy,15 augustus 2025,https://www.belcrumbeach.nl/,https://www.djguide.nl/party.p/533512/dj-wicky-wiseguy
Pearl Village Festival 2025 - vrijdag,15 augustus 2025,https://pearlvillage.nl/ | https://www.ticketswap.com/event/pearl-village-festival-2025-vrijdag/10376ef1-aa46-404d-91ee-141022e49e6c?utm_source=djguide&utm_medium=affiliate&utm_campaign=djguide_affiliate&utm_content=website,https://www.djguide.nl/party.p/522416/pearl-village-festival-2025-vrijdag
"Gewoon, Dansen! met Naël b2b Djahera",15 augustus 2025,https://www.bosschebrouwers.nl/contact,https://www.djguide.nl/party.p/536158/gewoon-dansen-met-nael-b2b-djahera
Tsean Live,15 augustus 2025,https://www.clublustig.nl/,https://www.djguide.nl/party.p/534291/tsean-live
Flirt Night,15 augustus 2025,https://www.tramzicht.nl/,https://www.djguide.nl/party.p/533395/flirt-night
Boerenrockfestival 2025 - vrijdag,15 augustus 2025,https://www.boerenrock-festival.nl/ | https://www.ticketswap.com/event/boerenrock-2025/6d8be010-68da-4d75-a9b2-7f9b56b828a1?utm_source=djguide&utm_medium=affiliate&utm_campaign=djguide_affiliate&utm_content=website,https://www.djguide.nl/party.p/528056/boerenrockfestival-2025-vrijdag
Technic Fabrique @ Stadsgraaf,15 augustus 2025,https://www.destadsgraaf.nl/,https://www.djguide.nl/party.p/535959/technic-fabrique-stadsgraaf
Secret Spacebar party II,15 augustus 2025,https://linktr.ee/spacebar.enschede,https://www.djguide.nl/party.p/532635/secret-spacebar-party-ii
Studio Houtbaar: Curator Night - Nomore invites,15 augustus 2025,https://www.houtbaarhaarlem.nl/,https://www.djguide.nl/party.p/534135/studio-houtbaar-curator-night-nomore-invites
Jangala x Reload That,15 augustus 2025,https://nieuwenor.nl/ | https://nieuwenor.stager.co/web/tickets/111529230,https://www.djguide.nl/party.p/531648/jangala-x-reload-that
Decibel Outdoor 2025 - Friday,15 augustus 2025,https://www.b2s.nl/decibel | https://www.ticketswap.com/event/decibel-outdoor-2025/90c67278-0b27-4536-bd47-18c13a4de634?utm_source=djguide&utm_medium=affiliate&utm_campaign=djguide_affiliate&utm_content=website,https://www.djguide.nl/party.p/498872/decibel-outdoor-2025-friday
Striktly Solúa - Outdoor Kijkduin,15 augustus 2025,https://striktly.nl/ | https://www.nabrasa.nl/,https://www.djguide.nl/party.p/534617/striktly-sola-outdoor-kijkduin
Arriba,15 augustus 2025,https://hortusleiden.nl/ | https://www.goeievrijdag.com/ | https://www.ticketswap.com/event/arriba-hortus-botanicus-leiden/138e391c-b412-4888-83e8-6bfece50f875?utm_source=djguide&utm_medium=affiliate&utm_campaign=djguide_affiliate&utm_content=website,https://www.djguide.nl/party.p/532905/arriba
Complex Summer with West & Hill (All Night Long),15 augustus 2025,https://complexmaastricht.nl/,https://www.djguide.nl/party.p/526218/complex-summer-with-west-hill-all-night-long
Rotterdam Heatwave by Afrorave,15 augustus 2025,https://bird-rotterdam.nl/event/rotterdam-heatwave-15-08-2025,https://www.djguide.nl/party.p/530752/rotterdam-heatwave-by-afrorave
Silent Disco Op de Euromast,15 augustus 2025,https://euromast.nl/agenda/silent-disco,https://www.djguide.nl/party.p/534663/silent-disco-op-de-euromast
"Gabalyn, Loyk, Maria Cue",15 augustus 2025,https://www.perron.nl/,https://www.djguide.nl/party.p/532734/gabalyn-loyk-maria-cue
Basement Of Madness -- B.o.m.,15 augustus 2025,https://www.clubsahara.nl/,https://www.djguide.nl/party.p/530115/basement-of-madness-b.o.m.
3 Years (Minus 1) Anniversary #1,15 augustus 2025,https://timeisthenew.space/,https://www.djguide.nl/party.p/535527/3-years-minus-1-anniversary-1
Elegante 2nd Birthday - Young Ellens and more,15 augustus 2025,https://www.tiwya.nl/,https://www.djguide.nl/party.p/532338/elegante-2nd-birthday-young-ellens-and-more
Toffler presents Amara and Friends,15 augustus 2025,https://www.toffler.nl/,https://www.djguide.nl/party.p/533725/toffler-presents-amara-and-friends
Dopebwoy (Live),15 augustus 2025,https://www.villathalia.nl/,https://www.djguide.nl/party.p/534945/dopebwoy-live
Lovumba at the beach,15 augustus 2025,https://azorra.nl/ | https://www.lovumba.nl/ | https://www.ticketswap.com/event/lovumba-at-the-beach-scheveningen/c29b8ee2-9ad2-481c-a508-b090eadf7a03?utm_source=djguide&utm_medium=affiliate&utm_campaign=djguide_affiliate&utm_content=website,https://www.djguide.nl/party.p/530224/lovumba-at-the-beach
Mama Africa - Beach Edition,15 augustus 2025,https://beachclubindigo.nl/ | https://www.mamaafrica.nl/,https://www.djguide.nl/party.p/534292/mama-africa-beach-edition
MENESIX Presents: THE OVRDOSE TOUR,15 augustus 2025,https://www.coloradocharlie.nl/ | https://www.ticketswap.com/event/menesix-presents-the-ovrdose-tour-colorado-charlie/ebc2e9e2-02ed-46cb-a18c-5f4652157f13?utm_source=djguide&utm_medium=affiliate&utm_campaign=djguide_affiliate&utm_content=website,https://www.djguide.nl/party.p/526532/menesix-presents-the-ovrdose-tour
Perreo Reggaeton Y Dem Bow,15 augustus 2025,https://www.tikiroom.nl/,https://www.djguide.nl/party.p/533216/perreo-reggaeton-y-dem-bow
BASIS Talent Night/ Cinta/ MIESØ/ WON/ Xamuel,15 augustus 2025,https://appic.shop/redirect/0d9d2338-af6c-49a5-b4f0-91694aa70941?source=djguide | https://clubbasis.nl/,https://www.djguide.nl/party.p/532136/basis-talent-night-cinta-mies-won-xamuel
Clubhuis,15 augustus 2025,https://www.nar.nl/,https://www.djguide.nl/party.p/530751/clubhuis
Biergarten: El Patio,15 augustus 2025,https://www.tivolivredenburg.nl/agenda/10810839/biergarten-el-patio-15-08-2025,https://www.djguide.nl/party.p/533794/biergarten-el-patio
"Green House, Beach Edition",15 augustus 2025,https://www.paal69.com/event-details/green-house-beach-edition | https://www.ticketswap.com/event/green-house/73f039f4-470d-4c81-ae14-593ce1ad046b?utm_source=djguide&utm_medium=affiliate&utm_campaign=djguide_affiliate&utm_content=website,https://www.djguide.nl/party.p/533956/green-house-beach-edition
30+ Dance Party met Dj Rob Boskamp,16 augustus 2025,https://www.clubnouvelle.nl/,https://www.djguide.nl/party.p/533448/30-dance-party-met-dj-rob-boskamp
FUEGO - Good Vibes & Vergeten Tunes,16 augustus 2025,https://www.bitterzoet.com/,https://www.djguide.nl/party.p/532488/fuego-good-vibes-vergeten-tunes
Hush - Boat Party,16 augustus 2025,https://www.ticketswap.com/event/hush-boat-party/0a059312-12c0-4bd5-ab78-e366cd397298?utm_source=djguide&utm_medium=affiliate&utm_campaign=djguide_affiliate&utm_content=website,https://www.djguide.nl/party.p/519977/hush-boat-party
Zafiro,16 augustus 2025,https://cancunamsterdam.nl/agenda,https://www.djguide.nl/party.p/534350/zafiro
Notorious,16 augustus 2025,https://chicagosocialclub.nl/,https://www.djguide.nl/party.p/533970/notorious
Dynasty x MOOD - 21+,16 augustus 2025,https://www.chinchinclub.nl/,https://www.djguide.nl/party.p/533882/dynasty-21
SUMMER VIBES: A Brand-New summer pop-up by Club Leidse,16 augustus 2025,https://shop.weeztix.com/ca0be683-6ebd-11ef-a9cb-7e126431635e/tickets?event=c23f0ce7-83f5-49d9-a7fa-e063d61f0114 | https://www.club-leidse.com/,https://www.djguide.nl/party.p/533114/summer-vibes-a-brand-new-summer-pop-up-by-club-leidse
Afrobeat vs Amapiano,16 augustus 2025,https://www.clubnoir-amsterdam.nl/,https://www.djguide.nl/party.p/534435/afrobeat-vs-amapiano
3xNYX: POP-UP hosted by Loena Maas,16 augustus 2025,https://clubnyx.nl/,https://www.djguide.nl/party.p/532303/3xnyx-pop-up-hosted-by-loena-maas
Rumba Latina (Latin Night),16 augustus 2025,https://www.cluboutamsterdam.nl/,https://www.djguide.nl/party.p/534700/rumba-latina-latin-night
Prime | Masquerade,16 augustus 2025,https://www.clubprime.nl/,https://www.djguide.nl/party.p/534438/prime-masquerade
Nonchaland - B-Day Bash,16 augustus 2025,https://www.clubup.nl/,https://www.djguide.nl/party.p/534754/nonchaland-b-day-bash
Liquid Air,16 augustus 2025,https://www.derhintergarten.nl/,https://www.djguide.nl/party.p/533572/liquid-air
Essence Of Trance - Digital Culture Cruise,16 augustus 2025,https://essenceoftrance.com/ | https://eventix.shop/5795z8yd | https://www.docks.nl/site/docks1 | https://www.ticketswap.com/event/essence-of-trance-digital-culture-cruise/811bbd2d-7b32-4654-8447-a900768df8b2?utm_source=djguide&utm_medium=affiliate&utm_campaign=djguide_affiliate&utm_content=website,https://www.djguide.nl/party.p/516149/essence-of-trance-digital-culture-cruise
Doka Studio w/ Kyra Khaldi - Mauro Moreno,16 augustus 2025,https://doka.weticket.io/doka-studio-w-kyra-khaldi-mauro-moreno | https://www.volkshotel.nl/doka,https://www.djguide.nl/party.p/533568/doka-studio-w-kyra-khaldi-mauro-moreno
Brainwash,16 augustus 2025,https://escape.nl/,https://www.djguide.nl/party.p/531786/brainwash
Reggae Lake Festival 2025 - Saturday,16 augustus 2025,https://reggaelake.nl/ | https://www.ticketswap.com/event/reggae-lake-festival-2025/45b31011-1121-4bd6-9dd7-423ed8cf243c?utm_source=djguide&utm_medium=affiliate&utm_campaign=djguide_affiliate&utm_content=website,https://www.djguide.nl/party.p/510117/reggae-lake-festival-2025-saturday
"Patrick Russell, Loif (Live), Lnr, Tangela (Sunrise Set)",16 augustus 2025,https://www.garagenoord.com/club/patrick-russell-loif-live-lnr-tangela-sunrise-set,https://www.djguide.nl/party.p/534073/patrick-russell-loif-live-lnr-tangela-sunrise-set
Pacha Latina,16 augustus 2025,https://ibizalounge.amsterdam/,https://www.djguide.nl/party.p/534213/pacha-latina
The Latin Experience: Colombia,16 augustus 2025,https://ijland.nl/ | https://www.thelatinxperience.com/the-latin-experience-colombia | https://www.ticketswap.com/event/tlx-colombia/a69674c1-c13a-45c8-9812-2a627f43bbce?utm_source=djguide&utm_medium=affiliate&utm_campaign=djguide_affiliate&utm_content=website,https://www.djguide.nl/party.p/535869/the-latin-experience-colombia
Behind Closed Doors,16 augustus 2025,https://linktr.ee/behindcloseddoors.club | https://www.jimmywoo.com/,https://www.djguide.nl/party.p/529724/behind-closed-doors
Amsterdam Techno Sessions With Shaun Moses (Gem Records - Tronic) Ind,16 augustus 2025,https://www.clubjohndoe.nl/,https://www.djguide.nl/party.p/534904/amsterdam-techno-sessions-with-shaun-moses-gem-records-tronic-ind
Clubnight: Len & Cat,16 augustus 2025,https://kopstootbar.amsterdam/,https://www.djguide.nl/party.p/534903/clubnight-len-cat
Madam By Night Invites: Lynn,16 augustus 2025,https://www.madamamsterdam.nl/,https://www.djguide.nl/party.p/529089/madam-by-night-invites-lynn
Gowtu vs Bati Sanka Edition,16 augustus 2025,https://ticketmaster-netherlands.sjv.io/c/1256719/427748/7510?u=https%3a%2f%2fwww.ticketmaster.nl%2fevent%2f1129160484%3flanguage%3dnl-be | https://www.melkweg.nl/ | https://www.ticketswap.com/event/gowtu-vs-bati-sanka-edition/1619baaf-9d61-4d36-bfef-b6270fce05ec?utm_source=djguide&utm_medium=affiliate&utm_campaign=djguide_affiliate&utm_content=website,https://www.djguide.nl/party.p/532104/gowtu-vs-bati-sanka-edition
WICKED JAZZ 'ienie mienie' FEST + Afterparty,16 augustus 2025,https://eventix.shop/y9vmm7rd | https://noorderlichtcafe.nl/ | https://www.ticketswap.com/event/wicked-jazz-ienie-mienie-fest-2025/3163eb06-da26-492c-974a-2f27b090f3fd?utm_source=djguide&utm_medium=affiliate&utm_campaign=djguide_affiliate&utm_content=website,https://www.djguide.nl/party.p/529995/wicked-jazz-ienie-mienie-fest-afterparty
DOS 2 Year Anniversary,16 augustus 2025,https://www.oliva-amsterdam.nl/,https://www.djguide.nl/party.p/524528/dos-2-year-anniversary
Dani,16 augustus 2025,https://www.pacificamsterdam.nl/en/events/dj-nights,https://www.djguide.nl/party.p/535548/dani
Raving Charlie,16 augustus 2025,https://panama.nl/event/raving-charlie-4,https://www.djguide.nl/party.p/532181/raving-charlie
Tech It Deep Invites Stryv,16 augustus 2025,https://techitdeep.com/ | https://www.paradiso.nl/,https://www.djguide.nl/party.p/534969/tech-it-deep-invites-stryv
Cinnaman b2b Nala Brown,16 augustus 2025,https://radioradio.radio/club,https://www.djguide.nl/party.p/533303/cinnaman-b2b-nala-brown
"Shelter | Fantastic Man b2b Tornado Wallace, Wallace, Sam Girling & more",16 augustus 2025,https://appic.shop/redirect/217dd375-86c9-45f4-9fc7-c44f0c2572a2?source=djguide | https://www.shelteramsterdam.nl/event/16-08-club-night | https://www.ticketswap.com/event/shelter-fantastic-man-b2b-tornado-wallace-wallace-sam-girling-more/dc207b70-306f-4969-9d05-4ac62dd7439b?utm_source=djguide&utm_medium=affiliate&utm_campaign=djguide_affiliate&utm_content=website,https://www.djguide.nl/party.p/532638/shelter-fantastic-man-b2b-tornado-wallace-wallace-sam-girling-more
Sissi's Saturday Hosted By Maat Sound,16 augustus 2025,https://sissisamsterdam.weticket.io/sissis-saturday-hosted-by-maat-sound | https://www.sissisamsterdam.nl/,https://www.djguide.nl/party.p/531565/sissis-saturday-hosted-by-maat-sound
Nolands,16 augustus 2025,https://skatecafe.weticket.io/nolands | https://www.skatecafe.nl/,https://www.djguide.nl/party.p/533569/nolands
Soulkitchen Invites: Phoenix,16 augustus 2025,https://soulkitchenamsterdam.nl/,https://www.djguide.nl/party.p/536116/soulkitchen-invites-phoenix
Bills Bills Bills,16 augustus 2025,https://supper.nl/ | https://www.bbbills.com/,https://www.djguide.nl/party.p/530943/bills-bills-bills
TRNDSTTRS,16 augustus 2025,https://shop.weeztix.com/e918c7ef-fb89-11ef-a9cb-7e126431635e/tickets?event=371804e0-38d6-40ac-98c8-8f6aadbb5543 | https://thetequilaclub.nl/ | https://www.trndsttrs.nl/,https://www.djguide.nl/party.p/533305/t.r.n.d.s.t.t.r.s
PIV Homecoming,16 augustus 2025,https://pivrecords.com/ | https://thuishaven.nl/ | https://www.ticketswap.com/event/piv-homecoming/d2022dec-b7dd-453c-8a55-32defc65a73c?utm_source=djguide&utm_medium=affiliate&utm_campaign=djguide_affiliate&utm_content=website,https://www.djguide.nl/party.p/531747/piv-homecoming
Reggae Got Soul (Outdoor+indoor),16 augustus 2025,https://cafebosch.nl/,https://www.djguide.nl/party.p/530988/reggae-got-soul-outdoorindoor
A Campingflight to Lowlands Paradise 2025 - Saturday,16 augustus 2025,https://ticketmaster-netherlands.sjv.io/c/1256719/427748/7510?u=https%3a%2f%2fwww.ticketmaster.nl%2fevent%2f296835286%3flanguage%3dnl-be | https://www.lowlands.nl/ | https://www.ticketswap.com/lowlands-festival?utm_source=djguide&utm_medium=affiliate&utm_campaign=djguide_affiliate&utm_content=website | https://www.walibi.nl/nl/zakelijk/mogelijkheden/locaties/evenemententerrein-walibi-holland,https://www.djguide.nl/party.p/516100/a-campingflight-to-lowlands-paradise-2025-saturday
Dj Discotrooper,16 augustus 2025,https://www.belcrumbeach.nl/,https://www.djguide.nl/party.p/533513/dj-discotrooper
Pieken! On Deck Spinola,16 augustus 2025,https://spinolabreda.nl/,https://www.djguide.nl/party.p/533570/pieken-on-deck-spinola
Sfeer in & Outdoor Festival,16 augustus 2025,https://appic.shop/redirect/cf9ddd3e-68b8-446f-ac3b-75498da7e929?source=djguide | https://dspartyeneventcenter.nl/ | https://sfeerevents.nl/ | https://www.ticketswap.com/event/sfeer-in-outdoor-festival/849f97fe-aa3a-4bf5-ab36-ba4d4fe2afce?utm_source=djguide&utm_medium=affiliate&utm_campaign=djguide_affiliate&utm_content=website,https://www.djguide.nl/party.p/514109/sfeer-in-outdoor-festival
Dansen! met Losse Boy Olaf,16 augustus 2025,https://www.bosschebrouwers.nl/contact,https://www.djguide.nl/party.p/536162/dansen-met-losse-boy-olaf
SEN TROPE,16 augustus 2025,https://www.clublustig.nl/,https://www.djguide.nl/party.p/535909/sen-trope
Dansje Doen,16 augustus 2025,https://www.tramzicht.nl/,https://www.djguide.nl/party.p/533421/dansje-doen
Senior Swing Silent Disco,16 augustus 2025,https://bibelot.net/,https://www.djguide.nl/party.p/532984/senior-swing-silent-disco
Brandstof: Silent Disco,16 augustus 2025,https://bibelot.net/,https://www.djguide.nl/party.p/536115/brandstof-silent-disco
Cool down with BOZU,16 augustus 2025,https://www.champino.nl/,https://www.djguide.nl/party.p/535569/cool-down-with-bozu
Boerenrockfestival 2025 - zaterdag,16 augustus 2025,https://www.boerenrock-festival.nl/ | https://www.ticketswap.com/event/boerenrock-2025/6d8be010-68da-4d75-a9b2-7f9b56b828a1?utm_source=djguide&utm_medium=affiliate&utm_campaign=djguide_affiliate&utm_content=website,https://www.djguide.nl/party.p/528057/boerenrockfestival-2025-zaterdag
Rewind Outdoor,16 augustus 2025,https://appic.shop/redirect/dde43470-cf97-4c5f-9b78-c86d2d9dc352?source=djguide | https://www.dok149.com/ | https://www.rewind.amsterdam/ | https://www.ticketswap.com/event/rewind-outdoor/8c65e567-b0ed-408a-ae74-5001075960a2?utm_source=djguide&utm_medium=affiliate&utm_campaign=djguide_affiliate&utm_content=website,https://www.djguide.nl/party.p/523649/rewind-outdoor
Tropicalia,16 augustus 2025,https://tropicaliaevents.nl/ | https://www.fortsintgertrudis.nl/,https://www.djguide.nl/party.p/534976/tropicalia
Goesthing,16 augustus 2025,https://www.eltoro.nl/,https://www.djguide.nl/party.p/533795/goesthing
Club3 x No More Festival,16 augustus 2025,https://club3haarlem.nl/ | https://ticketmaster-nl.tm7510.net/c/1256719/427748/7510?u=https%3A%2F%2Fwww.universe.com%2Fevents%2Fclub3-x-no-more-festival-tickets-GZMFQY%3Fref%3Dticketmaster&utm_medium=affiliate,https://www.djguide.nl/party.p/535023/club3-x-no-more-festival
R2 Festival Reinier Zonneveld,16 augustus 2025,http://amsterdamr2.nl/ | https://www.freeyourmindfestival.nl/ | https://www.spaarnwoude.nl/ | https://www.ticketswap.com/event/r2-festival-reinier-zonneveld/bb3aceef-87cf-45aa-8dce-b71096b0137e?utm_source=djguide&utm_medium=affiliate&utm_campaign=djguide_affiliate&utm_content=website,https://www.djguide.nl/party.p/524839/r2-festival-reinier-zonneveld
Helden Op Reis,16 augustus 2025,https://switchhelden.nl/,https://www.djguide.nl/party.p/532549/helden-op-reis
Decibel Outdoor 2025 - Saturday,16 augustus 2025,https://www.b2s.nl/decibel | https://www.ticketswap.com/event/decibel-outdoor-2025/90c67278-0b27-4536-bd47-18c13a4de634?utm_source=djguide&utm_medium=affiliate&utm_campaign=djguide_affiliate&utm_content=website,https://www.djguide.nl/party.p/521358/decibel-outdoor-2025-saturday
30+flashback (The Summer Edition),16 augustus 2025,https://www.cafe-eddies.nl/,https://www.djguide.nl/party.p/529905/30flashback-the-summer-edition
FOMO,16 augustus 2025,https://kikiclub.nl/,https://www.djguide.nl/party.p/533968/fomo
Complex Summer with Lorrie / Manillo / The Drift System,16 augustus 2025,https://complexmaastricht.nl/ | https://www.ticketswap.com/event/complex-summer-with-lorrie-manillo-the-drift-system/96cd736f-cc0a-43d0-8b66-d34c5ccef379?utm_source=djguide&utm_medium=affiliate&utm_campaign=djguide_affiliate&utm_content=website,https://www.djguide.nl/party.p/526219/complex-summer-with-lorrie-manillo-the-drift-system
Groovebox Festival 2025,16 augustus 2025,https://www.groovebox.events/ | https://www.ticketswap.com/event/groovebox/a80f4ee3-c4c1-4262-b183-5cf7fbacf519?utm_source=djguide&utm_medium=affiliate&utm_campaign=djguide_affiliate&utm_content=website,https://www.djguide.nl/party.p/515396/groovebox-festival-2025
We Love The 90's Festival 2025,16 augustus 2025,https://welovethe90s.nl/ | https://www.ticketswap.com/event/we-love-the-90s-festival-2025/ad2a8937-0c8f-4480-aa08-c82c3ba372ab?utm_source=djguide&utm_medium=affiliate&utm_campaign=djguide_affiliate&utm_content=website,https://www.djguide.nl/party.p/499801/we-love-the-90s-festival-2025
Summer Beach Party,16 augustus 2025,https://nederzandt.nl/ | https://www.disco-train.nl/ | https://www.ticketswap.com/event/summer-beach-party/a5da08ae-8095-463e-b676-bb56e6b58f60?utm_source=djguide&utm_medium=affiliate&utm_campaign=djguide_affiliate&utm_content=website,https://www.djguide.nl/party.p/526636/summer-beach-party
El Sommer Long - Beach Cafe,16 augustus 2025,https://www.elsom-reusel.nl/,https://www.djguide.nl/party.p/532560/el-sommer-long-beach-cafe
Tropicana Festival 2025,16 augustus 2025,https://barstroom.nl/ | https://www.ticketswap.com/event/tropicana-festival-2025/7704fd21-fb07-4a83-82b2-9670d38c6ae2?utm_source=djguide&utm_medium=affiliate&utm_campaign=djguide_affiliate&utm_content=website | https://www.tropicanafestival.nl/,https://www.djguide.nl/party.p/532333/tropicana-festival-2025
Join the Club: Prince vs Michael,16 augustus 2025,https://bird-rotterdam.nl/event/views-usher-vs-chris-brown,https://www.djguide.nl/party.p/530754/join-the-club-prince-vs-michael
Bachata Exotica 010,16 augustus 2025,https://cafeclubuniek.nl/ | https://www.exotic-events.nl/,https://www.djguide.nl/party.p/534046/bachata-exotica-010
Dansen met Je Moeder,16 augustus 2025,https://www.dedoelen.nl/nl/agenda/23010/hiphop-r-b-afrobeat-funk-en-guilty-pleasures/dansen-met-je-moeder | https://www.dedoelen.nl/nl/pQWz7SL/studio1/de-doelen-studio,https://www.djguide.nl/party.p/528228/dansen-met-je-moeder
.Achterwerk,16 augustus 2025,https://bird-rotterdam.nl/garden,https://www.djguide.nl/party.p/532487/.achterwerk
Super Rich Kids - Summer Rich Kids,16 augustus 2025,https://www.munchrotterdam.nl/events/super-rich-kids-168 | https://www.munchrotterdam.nl/srk,https://www.djguide.nl/party.p/529091/super-rich-kids-summer-rich-kids
The Code [360 Stage],16 augustus 2025,https://dance.maassilo.com/ | https://www.thecodeistechno.com/ | https://www.ticketswap.com/event/the-code-is-techno/6ed43af6-8722-43da-b8b0-0b379c4bb303?utm_source=djguide&utm_medium=affiliate&utm_campaign=djguide_affiliate&utm_content=website,https://www.djguide.nl/party.p/527804/the-code-360-stage
Good Life Agency Night,16 augustus 2025,https://www.perron.nl/2025/04/25/august-16-good-life-agency-night,https://www.djguide.nl/party.p/525037/good-life-agency-night
"80s, 90s & 00s Alternative",16 augustus 2025,https://www.rotown.nl/,https://www.djguide.nl/party.p/532983/80s-90s-00s-alternative
O Gece Bu Gece Rotterdam,16 augustus 2025,https://thegrit.nl/,https://www.djguide.nl/party.p/535845/o-gece-bu-gece-rotterdam
3 Years (Minus 1) Anniversary #2,16 augustus 2025,https://timeisthenew.space/,https://www.djguide.nl/party.p/535528/3-years-minus-1-anniversary-2
Smerige Hitjes,16 augustus 2025,https://www.tiwya.nl/,https://www.djguide.nl/party.p/533304/smerige-hitjes
Toffler presents Goodlife and Friends,16 augustus 2025,https://www.toffler.nl/,https://www.djguide.nl/party.p/533726/toffler-presents-goodlife-and-friends
Bokoesam (LIVE) @ Villa Thalia,16 augustus 2025,https://www.villathalia.nl/,https://www.djguide.nl/party.p/532489/bokoesam-live-villa-thalia
Oh! So 90s Is Back Baby,16 augustus 2025,https://beachclubindigo.nl/,https://www.djguide.nl/party.p/533656/oh-so-90s-is-back-baby
De Sessie,16 augustus 2025,https://appic.shop/redirect/c3188813-c8ba-4208-a8d6-e806bab79cf2?source=djguide | https://boomerangbeach.nl/ | https://www.ticketswap.com/event/de-sessie-tafkamp-b2b-lobster-4hrs/484d7136-ca18-4644-b2ad-9a3bc5eb2922?utm_source=djguide&utm_medium=affiliate&utm_campaign=djguide_affiliate&utm_content=website,https://www.djguide.nl/party.p/531303/de-sessie
Happy Feelings Scheveningen,16 augustus 2025,https://appic.shop/redirect/a20848f7-f47d-44ce-87cf-0d92e362ff6e?source=djguide | https://happyfeelings.nl/ | https://www.coloradocharlie.nl/ | https://www.ticketswap.com/event/happy-feelings-scheveningen/e88882cf-5eb3-4bb6-8d44-a5238162d300?utm_source=djguide&utm_medium=affiliate&utm_campaign=djguide_affiliate&utm_content=website,https://www.djguide.nl/party.p/515065/happy-feelings-scheveningen
Soixante Neuf x EVE,16 augustus 2025,https://eve-scheveningen.nl/ | https://soixante-neuf.nl/,https://www.djguide.nl/party.p/534536/soixante-neuf-x-eve
Bachata Dreams,16 augustus 2025,https://www.tikiroom.nl/,https://www.djguide.nl/party.p/525921/bachata-dreams
Chakra Party 20 Jaar,16 augustus 2025,http://bosvreugd.nl/ | https://www.dolleboel-events.be/chakra-party | https://www.ticketswap.com/event/chakra-party-20-jaar/e409138a-8bf4-41fc-ac7f-6451813d5e6c?utm_source=djguide&utm_medium=affiliate&utm_campaign=djguide_affiliate&utm_content=website,https://www.djguide.nl/party.p/512065/chakra-party-20-jaar
BASIS UKG Special/ DJ Gotu/ Jill-An/ Milion/ Prozak,16 augustus 2025,https://appic.shop/redirect/100c6502-75d0-4f8a-b479-f254473f40ed?source=djguide | https://clubbasis.nl/ | https://www.ticketswap.com/event/basis-ukg-special-dj-gotu-jill-an-milion-prozak/e71fe7e6-bebe-4e84-8c4c-4be78a603b0f?utm_source=djguide&utm_medium=affiliate&utm_campaign=djguide_affiliate&utm_content=website,https://www.djguide.nl/party.p/529939/basis-ukg-special-dj-gotu-jill-an-milion-prozak
PERRX,16 augustus 2025,https://ekko.nl/,https://www.djguide.nl/party.p/532643/perrx
De Allnighter,16 augustus 2025,https://www.nar.nl/,https://www.djguide.nl/party.p/530753/de-allnighter
De Microclub Utrecht,16 augustus 2025,https://www.demicroclub.nl/ | https://www.tivolivredenburg.nl/,https://www.djguide.nl/party.p/533422/de-microclub-utrecht
Kontakt & RPU & ToB present Das Dune,16 augustus 2025,https://www.dehangout.nl/,https://www.djguide.nl/party.p/535985/kontakt-rpu-tob-present-das-dune
DnBoat - Summer Rave,16 augustus 2025,https://www.ticketswap.com/event/dnboat-summer-rave/aceaa7ab-7af0-4d54-8af6-9241c738fab0?utm_source=djguide&utm_medium=affiliate&utm_campaign=djguide_affiliate&utm_content=website,https://www.djguide.nl/party.p/535867/dnboat-summer-rave
Lavish Island Fest,16 augustus 2025,https://hetstadsstrand.nl/ | https://lavisheventss.nl/ | https://www.ticketswap.com/event/lavish-island-fest/1b7feb0c-ea3a-41f0-9e9e-1ebf32eb8673?utm_source=djguide&utm_medium=affiliate&utm_campaign=djguide_affiliate&utm_content=website,https://www.djguide.nl/party.p/527766/lavish-island-fest
Sona presents: Pawsa in The Park,16 augustus 2025,https://www.sonaworldwide.com/pawsa-in-the-park-amsterdam | https://www.taets.com/ | https://www.ticketswap.com/event/sona-presents-pawsa-in-the-park/74bf60f5-30c2-42c5-a201-8f56ff66a24e?utm_source=djguide&utm_medium=affiliate&utm_campaign=djguide_affiliate&utm_content=website,https://www.djguide.nl/party.p/522916/sona-presents-pawsa-in-the-park
Strandverblijf 2025,16 augustus 2025,https://www.hetdagverblijf.nl/ | https://www.maniibeach.nl/ | https://www.ticketswap.com/event/strandverblijf-zandvoortbeachforevents/d7eba759-6995-480a-bd41-104be73a357a?utm_source=djguide&utm_medium=affiliate&utm_campaign=djguide_affiliate&utm_content=website,https://www.djguide.nl/party.p/499983/strandverblijf-2025
Beach Party,16 augustus 2025,https://www.onspaviljoen.nl/,https://www.djguide.nl/party.p/534319/beach-party
Klubhuis meets ClubNL,16 augustus 2025,https://www.paal69.com/,https://www.djguide.nl/party.p/535945/klubhuis-meets-clubnl
Ama House Night Party,16 augustus 2025,https://o1nelounge.nl/,https://www.djguide.nl/party.p/535908/ama-house-night-party
De Zomervloot x El Tony Mate,17 augustus 2025,https://dezomervloot.nl/ | https://www.ticketswap.com/event/de-zomervloot-x-el-tony-mate/9a4573d8-80db-4b50-8d25-837099cecf78?utm_source=djguide&utm_medium=affiliate&utm_campaign=djguide_affiliate&utm_content=website,https://www.djguide.nl/party.p/533571/de-zomervloot-x-el-tony-mate
"Aura At Bret w/ Delano Legito,Phara, She/her",17 augustus 2025,https://www.bret.bar/,https://www.djguide.nl/party.p/533662/aura-at-bret-w-delano-legitophara-sheher
Amapiano Sunset,17 augustus 2025,https://www.clubnoir-amsterdam.nl/,https://www.djguide.nl/party.p/534439/amapiano-sunset
Domingo de Involucre (Latin Sunday),17 augustus 2025,https://www.cluboutamsterdam.nl/ | https://www.fourvenues.com/en/club-out1/events/domingo-de-involucre-latin-sunday-17-08-2025-D74V,https://www.djguide.nl/party.p/534701/domingo-de-involucre-latin-sunday
Prime | Late Check-out,17 augustus 2025,https://www.clubprime.nl/,https://www.djguide.nl/party.p/534440/prime-late-check-out
Serve bikini,17 augustus 2025,https://www.derhintergarten.nl/,https://www.djguide.nl/party.p/533573/serve-bikini
Juice,17 augustus 2025,https://escape.nl/,https://www.djguide.nl/party.p/531787/juice
Reggae Lake Festival 2025 - Sunday,17 augustus 2025,https://reggaelake.nl/ | https://www.ticketswap.com/event/reggae-lake-festival/da6a5d37-6431-4db2-955b-d381c55d1eb7?utm_source=djguide&utm_medium=affiliate&utm_campaign=djguide_affiliate&utm_content=website,https://www.djguide.nl/party.p/510810/reggae-lake-festival-2025-sunday
Sundays at ToB Garage #4,17 augustus 2025,https://www.hetsalonateliers.com/,https://www.djguide.nl/party.p/535984/sundays-at-tob-garage-4
Afro Night Sunday,17 augustus 2025,https://ibizalounge.amsterdam/,https://www.djguide.nl/party.p/534214/afro-night-sunday
No Sundays Without Techno,17 augustus 2025,https://www.clubjohndoe.nl/,https://www.djguide.nl/party.p/534273/no-sundays-without-techno
Ratherlost - 24 Hours,17 augustus 2025,https://lofi.amsterdam/ | https://www.ticketswap.com/event/ratherlost-24hrs/a053dd7c-4768-4945-92fd-d4140a5af5e1?utm_source=djguide&utm_medium=affiliate&utm_campaign=djguide_affiliate&utm_content=website,https://www.djguide.nl/party.p/528264/ratherlost-24-hours
After Latin by D-rashid,17 augustus 2025,https://thetequilaclub.nl/,https://www.djguide.nl/party.p/536033/latin-afterparty-by-d-rashid
A Campingflight to Lowlands Paradise 2025 - Sunday,17 augustus 2025,https://ticketmaster-netherlands.sjv.io/c/1256719/427748/7510?u=https%3a%2f%2fwww.ticketmaster.nl%2fevent%2f296835286%3flanguage%3dnl-be | https://www.lowlands.nl/ | https://www.ticketswap.com/lowlands-festival?utm_source=djguide&utm_medium=affiliate&utm_campaign=djguide_affiliate&utm_content=website | https://www.walibi.nl/nl/zakelijk/mogelijkheden/locaties/evenemententerrein-walibi-holland,https://www.djguide.nl/party.p/535921/a-campingflight-to-lowlands-paradise-2025-sunday
"Joy w/ Luuk van Dijk, Benny Rodrigues & Robbie Doherty",17 augustus 2025,https://www.bronzebeach.nl/ | https://www.joy-events.nl/ | https://www.ticketswap.com/event/joy-w-luuk-van-dijk-benny-rodrigues-robbie-doherty/fb299c52-bca3-4cd5-8ceb-0b640d709235?utm_source=djguide&utm_medium=affiliate&utm_campaign=djguide_affiliate&utm_content=website,https://www.djguide.nl/party.p/532037/joy-w-luuk-van-dijk-benny-rodrigues-robbie-doherty
Summer Party,17 augustus 2025,https://www.tramzicht.nl/,https://www.djguide.nl/party.p/533423/summer-party
Boerenrockfestival 2025 - zondag,17 augustus 2025,https://www.boerenrock-festival.nl/ | https://www.ticketswap.com/event/boerenrock-2025/6d8be010-68da-4d75-a9b2-7f9b56b828a1?utm_source=djguide&utm_medium=affiliate&utm_campaign=djguide_affiliate&utm_content=website,https://www.djguide.nl/party.p/528058/boerenrockfestival-2025-zondag
Decibel Outdoor 2025 - Savage Sunday,17 augustus 2025,https://www.b2s.nl/decibel | https://www.ticketswap.com/event/decibel-outdoor-2025/90c67278-0b27-4536-bd47-18c13a4de634?utm_source=djguide&utm_medium=affiliate&utm_campaign=djguide_affiliate&utm_content=website,https://www.djguide.nl/party.p/521359/decibel-outdoor-2025-savage-sunday
De Hollandse Zomer 2025,17 augustus 2025,https://dehollandsezomer.nl/ | https://www.ticketswap.com/event/de-hollandse-zomer-2025/fa9216a7-acda-4b3e-88a6-021d7b580dcb?utm_source=djguide&utm_medium=affiliate&utm_campaign=djguide_affiliate&utm_content=website,https://www.djguide.nl/party.p/499802/de-hollandse-zomer-2025
"Colorado Charlie w/ LAMMER (5hrs), David Jackson",17 augustus 2025,https://www.coloradocharlie.nl/ | https://www.ticketswap.com/event/colorado-charlie-w-lammer-5hrs-david-jackson/0c515479-ce3e-4b4d-80be-c73849ae73ba?utm_source=djguide&utm_medium=affiliate&utm_campaign=djguide_affiliate&utm_content=website,https://www.djguide.nl/party.p/530209/colorado-charlie-w-lammer-5hrs-david-jackson
Chakra Party 20 Jaar,17 augustus 2025,http://bosvreugd.nl/ | https://www.dolleboel-events.be/chakra-party | https://www.ticketswap.com/event/chakra-party-20-jaar/e409138a-8bf4-41fc-ac7f-6451813d5e6c?utm_source=djguide&utm_medium=affiliate&utm_campaign=djguide_affiliate&utm_content=website,https://www.djguide.nl/party.p/535534/chakra-party-20-jaar
LatinVillage Festival 2025,17 augustus 2025,https://appic.shop/redirect/b2b0ac2a-2e00-442b-a477-25289c6fe6df?source=djguide | https://www.latinvillage.nl/ | https://www.spaarnwoudepark.nl/ | https://www.ticketswap.com/event/latinvillage-festival-2025/7bf31efc-5053-4df6-926a-599b88f7e9ec?utm_source=djguide&utm_medium=affiliate&utm_campaign=djguide_affiliate&utm_content=website,https://www.djguide.nl/party.p/499125/latinvillage-festival-2025
Brak op het Strand,17 augustus 2025,https://www.dehangout.nl/,https://www.djguide.nl/party.p/534336/brak-op-het-strand
Beach House,17 augustus 2025,https://www.paal69.com/ | https://www.ticketswap.com/event/beach-house-paal69-zandvoort-zondag-17-augustus-2025/9e531851-d02f-4416-89fa-cf3cfac182b3?utm_source=djguide&utm_medium=affiliate&utm_campaign=djguide_affiliate&utm_content=website,https://www.djguide.nl/party.p/533957/beach-house
Amapiano vs Bashment,18 augustus 2025,https://www.clubnoir-amsterdam.nl/,https://www.djguide.nl/party.p/534702/amapiano-vs-bashment
Prime - Pay Me Monday,18 augustus 2025,https://www.clubprime.nl/,https://www.djguide.nl/party.p/534441/prime-pay-me-monday
Mondays Are Epic!,18 augustus 2025,https://escape.nl/,https://www.djguide.nl/party.p/531788/mondays-are-epic
Hard Monday,18 augustus 2025,https://www.clubjohndoe.nl/,https://www.djguide.nl/party.p/532490/hard-monday
Cheeky Monday,18 augustus 2025,https://ticketmaster-netherlands.sjv.io/c/1256719/427748/7510?u=https%3a%2f%2fwww.ticketmaster.nl%2fevent%2f1213469331%3flanguage%3dnl-be | https://www.melkweg.nl/nl/agenda/cheeky-18-08-2025,https://www.djguide.nl/party.p/528694/cheeky-monday
Huisfiesta 16+,18 augustus 2025,https://panama.nl/event/huisfiesta-16-3,https://www.djguide.nl/party.p/534293/huisfiesta-16
Super Horeca Avond,18 augustus 2025,https://www.tramzicht.nl/,https://www.djguide.nl/party.p/533424/super-horeca-avond
Dipshit By Stëlz,19 augustus 2025,https://chicagosocialclub.nl/,https://www.djguide.nl/party.p/534638/dipshit-by-stelz
Prime - Ritual,19 augustus 2025,https://www.clubprime.nl/,https://www.djguide.nl/party.p/534442/prime-ritual
RMX,19 augustus 2025,https://escape.nl/,https://www.djguide.nl/party.p/531789/rmx
Phantom Techno,19 augustus 2025,https://www.clubjohndoe.nl/,https://www.djguide.nl/party.p/532038/phantom-techno
"Techno Tuesday Amsterdam , Hypnotic Black Magic, Dexon, Chafa",19 augustus 2025,https://www.indeepndance.com/c-5407568/events | https://www.melkweg.nl/nl/agenda/techno-tuesday-hypnotic-black-magic-19-08-2025,https://www.djguide.nl/party.p/531618/techno-tuesday-amsterdam-hypnotic-black-magic-dexon-chafa
Liv Vacation (Japan),19 augustus 2025,https://www.oliva-amsterdam.nl/,https://www.djguide.nl/party.p/522636/liv-vacation-japan
Pearl Village Festival 2025 - zaterdag,19 augustus 2025,https://pearlvillage.nl/,https://www.djguide.nl/party.p/522417/pearl-village-festival-2025-zaterdag
Vegas Night,19 augustus 2025,https://www.tramzicht.nl/,https://www.djguide.nl/party.p/533425/vegas-night
Striktly Summer Afterparty - Salsa & Bachata #8,19 augustus 2025,http://cafefust.nl/ | https://striktly.nl/,https://www.djguide.nl/party.p/529968/striktly-summer-afterparty-salsa-bachata-8
Striktly Summer - Salsa & Bachata Stadhuisplein #8,19 augustus 2025,https://striktly.nl/,https://www.djguide.nl/party.p/527307/striktly-summer-salsa-bachata-stadhuisplein-8
Eivissa x Sail-In,20 augustus 2025,https://eivissa-events.com/,https://www.djguide.nl/party.p/531898/eivissa-x-sail-in
Miercoles Latino (Latin Night),20 augustus 2025,https://www.cluboutamsterdam.nl/,https://www.djguide.nl/party.p/534703/miercoles-latino-latin-night
Prime - Momentum,20 augustus 2025,https://www.clubprime.nl/,https://www.djguide.nl/party.p/534443/prime-momentum
Amsterdam Hotspot,20 augustus 2025,https://escape.nl/,https://www.djguide.nl/party.p/531790/amsterdam-hotspot
RAVELAND x Shylodelic ART: Psychedelic Trance Rave,20 augustus 2025,https://www.clubjohndoe.nl/,https://www.djguide.nl/party.p/516992/raveland-x-shylodelic-art-psychedelic-trance-rave
Madam By Night Invites: Silven b2b Luca Brandse,20 augustus 2025,https://www.madamamsterdam.nl/,https://www.djguide.nl/party.p/535677/madam-by-night-invites-silven-b2b-luca-brandse
Raving Charlie,20 augustus 2025,https://nl.ra.co/events/2217630,https://www.djguide.nl/party.p/533721/raving-charlie
Non Stop - Every Wednesday,20 augustus 2025,https://www.oliva-amsterdam.nl/,https://www.djguide.nl/party.p/532876/non-stop-every-wednesday
Juicy Fruit,20 augustus 2025,https://www.paradiso.nl/programma/juicy-fruit/2584705,https://www.djguide.nl/party.p/532644/juicy-fruit
Wednesday Waves,20 augustus 2025,https://thetequilaclub.nl/,https://www.djguide.nl/party.p/535063/wednesday-waves
Pearl Village Festival 2025 - zondag,20 augustus 2025,https://pearlvillage.nl/,https://www.djguide.nl/party.p/522418/pearl-village-festival-2025-zondag
Cocktail Party,20 augustus 2025,https://www.tramzicht.nl/,https://www.djguide.nl/party.p/533426/cocktail-party
"De Boeskool Is Lös, hét Zomerfeest van Oldenzaal",20 augustus 2025,https://www.boeskoolislos.nl/,https://www.djguide.nl/party.p/521645/de-boeskool-is-ls-ht-zomerfeest-van-oldenzaal
Teenageparty – Tropicool,20 augustus 2025,https://lucky.nl/,https://www.djguide.nl/party.p/531474/teenageparty-tropicool
Styass events presents Midweek,20 augustus 2025,https://appic.shop/redirect/6c7d4991-3f4a-4851-aa4e-28c5aa311dce?source=djguide | https://dewerfkelder.nl/ | https://www.ticketswap.com/event/styassevents-presents-midweek/f2f04831-f7fd-433f-8725-ce368b9df465?utm_source=djguide&utm_medium=affiliate&utm_campaign=djguide_affiliate&utm_content=website,https://www.djguide.nl/party.p/534127/styass-events-presents-midweek
Karaoke Night,20 augustus 2025,https://www.leclubbbq.nl/blog/etn/karaoke-night,https://www.djguide.nl/party.p/533941/karaoke-night
Nightz - Every Thursday,21 augustus 2025,https://www.bitterzoet.com/,https://www.djguide.nl/party.p/516737/nightz-every-thursday
Super Summer (19+),21 augustus 2025,https://chicagosocialclub.nl/,https://www.djguide.nl/party.p/534639/super-summer-19
Mémoire - 18+,21 augustus 2025,https://www.chinchinclub.nl/,https://www.djguide.nl/party.p/533883/mmoire-18
Nyx Op Donderdag,21 augustus 2025,https://clubnyx.nl/ | https://www.nyxopdonderdag.nl/,https://www.djguide.nl/party.p/535353/nyx-op-donderdag
Jueves Latino (Latin Night),21 augustus 2025,https://www.cluboutamsterdam.nl/ | https://www.fourvenues.com/en/club-out1/events/jueves-latino-latin-night-21-08-2025-E7RR,https://www.djguide.nl/party.p/534704/jueves-latino-latin-night
Prime - Plus One+,21 augustus 2025,https://www.clubprime.nl/,https://www.djguide.nl/party.p/534444/prime-plus-one
Radio Hinter: Oberhaum,21 augustus 2025,https://www.derhintergarten.nl/ | https://www.fourvenues.com/en/der-hintergarten-group/events/radio-hinter-oberhaum-21-08-2025-86DV,https://www.djguide.nl/party.p/534232/radio-hinter-oberhaum
Video,21 augustus 2025,https://escape.nl/,https://www.djguide.nl/party.p/531791/video
Ìpọ̀sìn’s Peace.: H!dden G3ms,21 augustus 2025,https://www.garagenoord.com/club/iposin-s-peace-hidden-g3ms,https://www.djguide.nl/party.p/534074/psns-peace.-hdden-g3ms
Thirsty Thursdays,21 augustus 2025,https://ibizalounge.amsterdam/,https://www.djguide.nl/party.p/534215/thirsty-thursdays
Thirstdays TM - By Jimmy Woo (19+),21 augustus 2025,https://www.jimmywoo.com/,https://www.djguide.nl/party.p/529726/thirstdays-tm-by-jimmy-woo-19
Techno Sessions,21 augustus 2025,https://www.clubjohndoe.nl/,https://www.djguide.nl/party.p/532491/techno-sessions
Bambu,21 augustus 2025,https://www.oliva-amsterdam.nl/,https://www.djguide.nl/party.p/522637/bambu
Guilty Thurdsday,21 augustus 2025,https://www.pacificamsterdam.nl/,https://www.djguide.nl/party.p/535553/guilty-thurdsday
EAST Techno Collective | SAIL 2025,21 augustus 2025,https://panama.nl/ | https://ra.co/events/2185290,https://www.djguide.nl/party.p/532645/east-techno-collective-sail-2025
From The Floor To The Decks,21 augustus 2025,https://www.paradiso.nl/en/program/from-the-floor-to-the-decks/2584709,https://www.djguide.nl/party.p/532646/from-the-floor-to-the-decks
NO VAI powered by Patta Soundsystem,21 augustus 2025,https://radioradio.radio/club,https://www.djguide.nl/party.p/536117/no-vai-powered-by-patta-soundsystem
Velvet Thursdays x Hotbox Collective,21 augustus 2025,https://soulkitchenamsterdam.nl/,https://www.djguide.nl/party.p/534705/velvet-thursdays-x-hotbox-collective
Dale Tequila w/ D-Rashid & Friends,21 augustus 2025,https://thetequilaclub.nl/,https://www.djguide.nl/party.p/536203/dale-tequila-w-d-rashid-friends
Summer Breeze Latin Night At Westweelde - Summer 2025 #11,21 augustus 2025,https://www.westweelde.nl/,https://www.djguide.nl/party.p/530339/summer-breeze-latin-night-at-westweelde-summer-2025-11
Around The World,21 augustus 2025,https://www.tramzicht.nl/,https://www.djguide.nl/party.p/533427/around-the-world
King Of Hearts (Wowi Bday Bash),21 augustus 2025,https://www.cuberotterdam.nl/,https://www.djguide.nl/party.p/536164/king-of-hearts-wowi-bday-bash
Latin Thursday,21 augustus 2025,https://bird-rotterdam.nl/garden,https://www.djguide.nl/party.p/524609/latin-thursday
De Dansvloer,21 augustus 2025,https://www.nar.nl/,https://www.djguide.nl/party.p/530755/de-dansvloer
Latin Blast met Dj Gilly & Dj E-Deep,22 augustus 2025,https://www.clubnouvelle.nl/,https://www.djguide.nl/party.p/533451/latin-blast-met-dj-gilly-dj-e-deep
Flama,22 augustus 2025,https://www.bitterzoet.com/,https://www.djguide.nl/party.p/532877/flama
De Scheepvaart Borrel (Sail 2025),22 augustus 2025,https://eivissa-events.com/,https://www.djguide.nl/party.p/523450/de-scheepvaart-borrel-sail-2025
Kult Funktion x BRET x Shermanology (18+),22 augustus 2025,https://www.bret.bar/,https://www.djguide.nl/party.p/533450/kult-funktion-x-bret-x-shermanology-18
Colorful,22 augustus 2025,https://chicagosocialclub.nl/,https://www.djguide.nl/party.p/533971/colorful
Fusion - 20+,22 augustus 2025,https://www.chinchinclub.nl/,https://www.djguide.nl/party.p/533884/fusion-20
SUMMER VIBES: A brand-new summer pop-up by Club Leidse,22 augustus 2025,https://www.club-leidse.com/,https://www.djguide.nl/party.p/529536/summer-vibes-a-brand-new-summer-pop-up-by-club-leidse
Love Afrobeats,22 augustus 2025,https://www.clubnoir-amsterdam.nl/,https://www.djguide.nl/party.p/534447/love-afrobeats
Vrijdag is NYX,22 augustus 2025,https://clubnyx.nl/,https://www.djguide.nl/party.p/532649/vrijdag-is-nyx
Noche Latina (Latin Night),22 augustus 2025,https://www.cluboutamsterdam.nl/,https://www.djguide.nl/party.p/534706/noche-latina-latin-night
Prime - Sail Pre-party,22 augustus 2025,https://www.clubprime.nl/,https://www.djguide.nl/party.p/534449/prime-sail-pre-party
So Sick Saturdays,22 augustus 2025,https://www.clubup.nl/,https://www.djguide.nl/party.p/532985/so-sick-saturdays
Yoo-Hoo: Big Summer Blowout!,22 augustus 2025,https://www.derhintergarten.nl/,https://www.djguide.nl/party.p/533885/yoo-hoo-big-summer-blowout
Doka Studio w/ Kennedy - Vasco,22 augustus 2025,https://doka.weticket.io/doka-studio-w-kennedy-vasco | https://www.volkshotel.nl/doka,https://www.djguide.nl/party.p/533664/doka-studio-w-kennedy-vasco
HouseRules,22 augustus 2025,https://escape.nl/,https://www.djguide.nl/party.p/531792/houserules
"Erika, Nawaz, Bmg (Sunrise Set)",22 augustus 2025,https://www.garagenoord.com/club/erika-nawaz-bmg-sunrise-set,https://www.djguide.nl/party.p/534076/erika-nawaz-bmg-sunrise-set
Afro Latin Viernes,22 augustus 2025,https://ibizalounge.amsterdam/,https://www.djguide.nl/party.p/534216/afro-latin-viernes
Please Don't Tell.,22 augustus 2025,https://pleasedonttell.nl/ | https://www.jimmywoo.com/,https://www.djguide.nl/party.p/529727/please-dont-tell.
Undrgrnd,22 augustus 2025,https://www.clubjohndoe.nl/,https://www.djguide.nl/party.p/534906/undrgrnd
HIGH TEA Festeaval 2025,22 augustus 2025,https://appic.shop/redirect/2e3cb5b3-8350-4512-9a49-d3a29c75c381?source=djguide | https://highteamusic.nl/events/festeaval-2025 | https://lofi.amsterdam/ | https://www.ticketswap.com/event/high-tea-festeaval-2025/61b19b63-f8ca-45a5-914b-ee5040905683?utm_source=djguide&utm_medium=affiliate&utm_campaign=djguide_affiliate&utm_content=website,https://www.djguide.nl/party.p/524748/high-tea-festeaval-2025
Madam By Night presents: Skyline Sessions,22 augustus 2025,https://www.madamamsterdam.nl/,https://www.djguide.nl/party.p/529092/madam-by-night-presents-skyline-sessions
PUUR - Powered by Gowtu,22 augustus 2025,https://ticketmaster-netherlands.sjv.io/c/1256719/427748/7510?u=https%3a%2f%2fwww.ticketmaster.nl%2fevent%2f826763961%3flanguage%3dnl-be | https://www.melkweg.nl/,https://www.djguide.nl/party.p/530990/puur-powered-by-gowtu
Full Moon Party,22 augustus 2025,https://exchangeparty.nl/ | https://www.melkweg.nl/,https://www.djguide.nl/party.p/535069/full-moon-party
"Charwinoa Invites: Nadim, Alain, Sia Sierra, Charwinoa + Special Guest",22 augustus 2025,https://murmur.weticket.io/charwinoa-invites | https://murmurmur.nl/,https://www.djguide.nl/party.p/535679/charwinoa-invites-nadim-alain-sia-sierra-charwinoa-special-guest
Sail On Stage: Classy Soundwaves,22 augustus 2025,https://www.ndsm.nl/en/werf | https://www.sail.nl/sail-on-stage,https://www.djguide.nl/party.p/531402/sail-on-stage-classy-soundwaves
Pretty Young Thing,22 augustus 2025,https://www.oliva-amsterdam.nl/ | https://www.prettyyoungthing.nl/,https://www.djguide.nl/party.p/524529/pretty-young-thing
Allyzzle,22 augustus 2025,https://www.pacificamsterdam.nl/en/events/dj-nights,https://www.djguide.nl/party.p/535549/allyzzle
Tante Roosje – Komt Naar Je Toe,22 augustus 2025,https://appic.shop/redirect/96cbe3e8-55df-4eee-aeee-7bf2ec286521?source=djguide | https://panama.nl/event/tante-roosje-komt-naar-je-toe,https://www.djguide.nl/party.p/534927/tante-roosje-komt-naar-je-toe
"UK Bass, Bruk and Beyond",22 augustus 2025,https://www.paradiso.nl/nl/programma/uk-bass-bruk-and-beyond/2584715,https://www.djguide.nl/party.p/532648/uk-bass-bruk-and-beyond
Caim / Klankers / Naone,22 augustus 2025,https://radioradio.radio/club,https://www.djguide.nl/party.p/533306/caim-klankers-naone
"Shelter | Bennet b2b DJ Sweet6teen, Alinka b2b Doppelgang & more",22 augustus 2025,https://appic.shop/redirect/d8f2c02a-bcc3-4f6a-a7ce-9210aff7c7ee?source=djguide | https://www.shelteramsterdam.nl/event/22-08-club-night,https://www.djguide.nl/party.p/532639/shelter-bennet-b2b-dj-sweet6teen-alinka-b2b-doppelgang-more
Sissi's Friday,22 augustus 2025,https://sissisamsterdam.weticket.io/sissis-friday-2208 | https://www.sissisamsterdam.nl/,https://www.djguide.nl/party.p/531566/sissis-friday
Pacific Ondergronds X Kruispunt Presenteren: Mani-Fest,22 augustus 2025,https://skatecafe.weticket.io/pacific-ondergronds-kruispunt | https://www.skatecafe.nl/,https://www.djguide.nl/party.p/533576/pacific-ondergronds-x-kruispunt-presenteren-mani-fest
Soulkitchen Invites: Loe presents,22 augustus 2025,https://soulkitchenamsterdam.nl/,https://www.djguide.nl/party.p/534905/soulkitchen-invites-loe-presents
Mayhem x Four x Pre Party Parels Vd Stad - w/ Dior Live,22 augustus 2025,https://supper.nl/,https://www.djguide.nl/party.p/533575/mayhem-x-four-x-pre-party-parels-vd-stad-w-dior-live
Disco Jalisco,22 augustus 2025,https://thetequilaclub.nl/,https://www.djguide.nl/party.p/536204/disco-jalisco
Fiestanl - Independance Day,22 augustus 2025,https://www.willemeen.nl/,https://www.djguide.nl/party.p/532751/fiestanl-independance-day
Dj Rpm '88,22 augustus 2025,https://www.belcrumbeach.nl/,https://www.djguide.nl/party.p/533515/dj-rpm-88
Flirt Night,22 augustus 2025,https://www.tramzicht.nl/,https://www.djguide.nl/party.p/533394/flirt-night
Studio Houtbaar: Curator Night,22 augustus 2025,https://www.houtbaarhaarlem.nl/,https://www.djguide.nl/party.p/534136/studio-houtbaar-curator-night
Guus Meeuwis (Metropool Open Air),22 augustus 2025,https://openluchttheaterhertme.nl/ | https://ticketmaster-netherlands.sjv.io/c/1256719/427748/7510?u=https%3a%2f%2fwww.ticketmaster.nl%2fevent%2f262370928%3flanguage%3dnl-be,https://www.djguide.nl/party.p/515928/guus-meeuwis-metropool-open-air
Mysteryland 2025 - Friday (camping guests only),22 augustus 2025,http://www.recreatienoordholland.nl/zakelijk/organisatie2.asp?IdBedrijf=23 | https://www.mysteryland.nl/ | https://www.ticketswap.com/mysteryland?utm_source=djguide&utm_medium=affiliate&utm_campaign=djguide_affiliate&utm_content=website,https://www.djguide.nl/party.p/529035/mysteryland-2025-friday-camping-guests-only
Striktly Solúa - Outdoor Kijkduin,22 augustus 2025,https://striktly.nl/ | https://www.nabrasa.nl/,https://www.djguide.nl/party.p/534618/striktly-sola-outdoor-kijkduin
Goeie Vrijdag,22 augustus 2025,https://www.goeievrijdag.com/,https://www.djguide.nl/party.p/526478/goeie-vrijdag
Pandora w/ Area One,22 augustus 2025,https://wibar.nl/,https://www.djguide.nl/party.p/531177/pandora-w-area-one
Glemmer Beach Festival 2025 - vrijdag,22 augustus 2025,https://appic.shop/redirect/2ffe5b04-5f37-41a8-bd48-55c5c8a9ffd9?source=djguide | https://www.glemmerbeach.nl/ | https://www.ticketswap.com/glemmer-beach-festival?utm_source=djguide&utm_medium=affiliate&utm_campaign=djguide_affiliate&utm_content=website,https://www.djguide.nl/party.p/500134/glemmer-beach-festival-2025-vrijdag
Complex Summer with High Sense / Karish / Omni,22 augustus 2025,https://complexmaastricht.nl/,https://www.djguide.nl/party.p/526220/complex-summer-with-high-sense-karish-omni
Vrijmiboot Nijmegen,22 augustus 2025,https://vrijmiboot.com/,https://www.djguide.nl/party.p/515843/vrijmiboot-nijmegen
Mama Africa,22 augustus 2025,https://www.doornroosje.nl/event/mama-africa-5 | https://www.mamaafrica.nl/,https://www.djguide.nl/party.p/529452/mama-africa
Tijdreis x Molenstraat Nijmegen Festival,22 augustus 2025,http://www.molenstraatnijmegen.nl/,https://www.djguide.nl/party.p/535672/tijdreis-x-molenstraat-nijmegen-festival
Join The Club: UKG Special,22 augustus 2025,https://bird-rotterdam.nl/,https://www.djguide.nl/party.p/530757/join-the-club-ukg-special
